City_ID,City,Country,Date,Lat,Lng,Max Temp,Humidity,Cloudiness,Wind Speed
0,Okhotsk,RU,2021-10-11 11:39:45,59.3833,143.3,29.3,78,100,3.4
1,Luderitz,NA,2021-10-11 11:39:45,-26.6481,15.1594,82.45,37,1,8.93
2,Vaini,TO,2021-10-11 11:39:45,-21.2,-175.2,69.96,83,20,8.05
3,Busselton,AU,2021-10-11 11:39:46,-33.65,115.3333,47.08,51,75,18.68
4,Kibaya,TZ,2021-10-11 11:39:46,-5.3,36.5667,80.76,24,97,10.33
5,Port-Cartier,CA,2021-10-11 11:39:46,50.0334,-66.8654,39.42,87,71,3.62
6,Ushuaia,AR,2021-10-11 11:39:47,-54.8,-68.3,40.66,93,40,5.75
7,Bluff,NZ,2021-10-11 11:39:47,-46.6,168.3333,44.8,78,100,24.54
8,Rikitea,PF,2021-10-11 11:39:48,-23.1203,-134.9692,74.07,78,100,17.02
9,Leningradskiy,RU,2021-10-11 11:39:48,69.3833,178.4167,17.17,92,98,5.06
10,Tabuk,PH,2021-10-11 11:39:48,17.4189,121.4443,74.1,97,100,13.38
11,Airai,TL,2021-10-11 11:39:49,-8.9266,125.4092,62.51,91,92,2.3
12,Tuatapere,NZ,2021-10-11 11:39:49,-46.1333,167.6833,44.82,91,100,10.45
13,Augusto Correa,BR,2021-10-11 11:39:49,-1.0217,-46.635,87.1,55,24,8.99
14,Hilo,US,2021-10-11 11:39:50,19.7297,-155.09,72.28,90,90,4.61
15,Hobart,AU,2021-10-11 11:39:50,-42.8794,147.3294,46.26,79,40,6.91
16,Barrow,US,2021-10-11 11:38:22,71.2906,-156.7887,26.62,86,90,12.66
17,Mataura,NZ,2021-10-11 11:39:51,-46.1927,168.8643,44.47,99,100,3.06
18,Hochstadt,DE,2021-10-11 11:39:51,49.2475,8.2089,58.01,54,81,5.14
19,Kruisfontein,ZA,2021-10-11 11:39:51,-34.0033,24.7314,91.45,13,99,10.92
20,Nanortalik,GL,2021-10-11 11:39:52,60.1432,-45.2371,40.51,47,46,7.58
21,Kapaa,US,2021-10-11 11:39:52,22.0752,-159.319,77.32,75,40,4.0
22,Kaitangata,NZ,2021-10-11 11:39:52,-46.2817,169.8464,43.75,91,100,8.37
23,Thompson,CA,2021-10-11 11:39:53,55.7435,-97.8558,39.36,93,90,8.05
24,Charters Towers,AU,2021-10-11 11:39:53,-20.1,146.2667,75.34,46,99,13.04
25,Cockburn Town,TC,2021-10-11 11:39:54,21.4612,-71.1419,82.35,78,87,17.02
26,Butaritari,KI,2021-10-11 11:39:54,3.0707,172.7902,81.54,70,76,4.76
27,Araouane,ML,2021-10-11 11:39:54,18.9048,-3.5265,100.96,7,61,8.77
28,New Norfolk,AU,2021-10-11 11:39:54,-42.7826,147.0587,45.9,65,39,0.92
29,Beloha,MG,2021-10-11 11:39:55,-25.1667,45.05,73.78,38,81,15.05
30,Sinnamary,GF,2021-10-11 11:39:55,5.3833,-52.95,82.45,79,47,11.01
31,Hambantota,LK,2021-10-11 11:39:56,6.1241,81.1185,86.34,74,75,12.66
32,Qaanaaq,GL,2021-10-11 11:39:56,77.484,-69.3632,25.92,92,100,6.04
33,Ambon,ID,2021-10-11 11:39:57,-3.6954,128.1814,82.06,80,93,6.26
34,Yellowknife,CA,2021-10-11 11:39:57,62.456,-114.3525,31.41,100,1,5.01
35,Iqaluit,CA,2021-10-11 11:39:57,63.7506,-68.5145,29.93,92,75,0.0
36,Dikson,RU,2021-10-11 11:39:58,73.5069,80.5464,29.26,61,100,11.18
37,Semiletka,RU,2021-10-11 11:39:58,55.3603,54.6153,51.73,65,91,9.35
38,Kavieng,PG,2021-10-11 11:39:58,-2.5744,150.7967,82.65,71,29,7.99
39,Muros,ES,2021-10-11 11:39:59,42.7762,-9.0603,78.24,49,96,2.55
40,Arraial Do Cabo,BR,2021-10-11 11:39:59,-22.9661,-42.0278,67.86,88,90,13.8
41,Tomatlan,MX,2021-10-11 11:39:59,19.9333,-105.25,74.12,92,96,3.89
42,Fomboni,KM,2021-10-11 11:40:00,-12.28,43.7425,78.93,68,83,7.47
43,Kununurra,AU,2021-10-11 11:39:02,-15.7667,128.7333,87.78,58,73,12.66
44,Kodiak,US,2021-10-11 11:40:00,57.79,-152.4072,43.83,95,100,15.03
45,Tshane,BW,2021-10-11 11:40:00,-24.0196,21.8684,86.83,20,0,14.58
46,Victoria,HK,2021-10-11 11:39:06,22.2855,114.1577,84.33,64,54,1.99
47,Pevek,RU,2021-10-11 11:40:01,69.7008,170.3133,20.26,88,100,7.78
48,Puerto Ayora,EC,2021-10-11 11:40:02,-0.7393,-90.3518,66.54,95,51,5.01
49,Khatanga,RU,2021-10-11 11:40:03,71.9667,102.5,14.52,96,100,7.14
50,Baracoa,CU,2021-10-11 11:40:04,20.3467,-74.4958,78.01,84,81,2.17
51,Bugiri,UG,2021-10-11 11:40:04,0.5714,33.7417,85.93,43,60,3.42
52,Rio Gallegos,AR,2021-10-11 11:37:04,-51.6226,-69.2181,42.85,49,40,9.22
53,Tayu,ID,2021-10-11 11:40:05,-6.5397,111.0518,83.52,63,99,6.58
54,Maniitsoq,GL,2021-10-11 11:40:06,65.4167,-52.9,36.61,73,88,7.23
55,Saint George,US,2021-10-11 11:36:21,37.1041,-113.5841,58.35,62,1,0.0
56,Kulhudhuffushi,MV,2021-10-11 11:40:07,6.6221,73.07,82.78,80,92,20.31
57,Dalbandin,PK,2021-10-11 11:40:07,28.8947,64.4101,78.12,6,0,7.78
58,Bandarban,BD,2021-10-11 11:40:08,22.1965,92.2262,80.13,94,76,1.99
59,Blonie,PL,2021-10-11 11:40:08,52.1985,20.6171,60.24,58,65,5.86
60,Punta Arenas,CL,2021-10-11 11:39:18,-53.15,-70.9167,46.51,53,75,18.41
61,Trujillo,PE,2021-10-11 11:40:09,-8.116,-79.03,58.96,94,90,4.61
62,Nuevo Progreso,MX,2021-10-11 11:40:09,23.1667,-97.95,79.47,76,26,1.01
63,Carnarvon,AU,2021-10-11 11:40:10,-24.8667,113.6333,68.07,68,0,24.16
64,Sioux Lookout,CA,2021-10-11 11:40:11,50.1001,-91.917,55.78,94,90,5.75
65,Saint-Francois,FR,2021-10-11 11:40:11,46.4154,3.9054,60.48,100,90,5.75
66,Hermanus,ZA,2021-10-11 11:40:11,-34.4187,19.2345,85.8,50,87,6.71
67,Isoka,ZM,2021-10-11 11:40:12,-10.1606,32.6335,90.57,19,79,6.6
68,Upernavik,GL,2021-10-11 11:40:12,72.7868,-56.1549,32.95,97,100,13.0
69,Burnie,AU,2021-10-11 11:40:12,-41.0667,145.9167,45.95,74,8,3.96
70,Vestmannaeyjar,IS,2021-10-11 11:40:13,63.4427,-20.2734,43.79,81,20,17.27
71,Avarua,CK,2021-10-11 11:40:13,-21.2078,-159.775,75.25,88,20,13.8
72,Vao,NC,2021-10-11 11:40:13,-22.6667,167.4833,70.65,68,51,13.73
73,Cape Town,ZA,2021-10-11 11:40:14,-33.9258,18.4232,90.01,12,0,5.75
74,Tazovskiy,RU,2021-10-11 11:40:14,67.4667,78.7,29.43,71,98,10.49
75,Aklavik,CA,2021-10-11 11:40:15,68.2191,-135.0107,27.43,95,92,4.68
76,East London,ZA,2021-10-11 11:40:15,-33.0153,27.9116,76.14,53,0,10.36
77,Elizabeth City,US,2021-10-11 11:40:15,36.2946,-76.2511,69.03,95,90,1.01
78,Chippewa Falls,US,2021-10-11 11:40:15,44.9369,-91.3929,51.98,84,1,4.61
79,Rauma,FI,2021-10-11 11:40:16,61.1272,21.5113,50.04,88,100,11.88
80,Pachino,IT,2021-10-11 11:40:16,36.7186,15.0907,71.64,41,0,20.45
81,Ivanovka,KG,2021-10-11 11:40:16,42.8878,75.085,52.23,54,83,3.74
82,Aksu,CN,2021-10-11 11:40:17,41.1231,80.2644,57.87,25,2,8.86
83,Key West,US,2021-10-11 11:40:17,24.5557,-81.7826,80.6,79,1,5.75
84,Port Blair,IN,2021-10-11 11:40:17,11.6667,92.75,81.3,84,100,17.96
85,Ostrovnoy,RU,2021-10-11 11:40:18,68.0531,39.5131,44.17,96,100,16.26
86,San Cristobal,VE,2021-10-11 11:40:18,7.7669,-72.225,68.18,94,98,0.98
87,Andros Town,BS,2021-10-11 11:40:19,24.7,-77.7667,75.16,77,95,8.32
88,Mecca,SA,2021-10-11 11:35:39,21.4267,39.8261,102.58,20,0,19.3
89,Tiksi,RU,2021-10-11 11:40:19,71.6872,128.8694,27.46,97,100,3.42
90,Williams Lake,CA,2021-10-11 11:40:19,52.1415,-122.1445,35.17,95,75,3.44
91,Amapa,BR,2021-10-11 11:40:20,1.0,-52.0,81.82,68,44,5.82
92,Shieli,KZ,2021-10-11 11:40:20,44.1667,66.75,59.83,29,22,11.43
93,Ambulu,ID,2021-10-11 11:40:21,-8.345,113.6058,75.45,81,86,2.73
94,Mapiri,BO,2021-10-11 11:40:21,-15.25,-68.1667,74.98,89,95,1.36
95,Berbera,SO,2021-10-11 11:40:21,10.4396,45.0143,90.91,60,26,12.64
96,Albany,US,2021-10-11 11:40:21,42.6001,-73.9662,58.8,94,45,2.39
97,Pangody,RU,2021-10-11 11:40:22,65.85,74.4859,28.78,70,96,5.82
98,Ribeira Grande,PT,2021-10-11 11:40:22,38.5167,-28.7,70.2,88,75,8.05
99,Beipiao,CN,2021-10-11 11:40:23,41.7919,120.7792,51.44,41,0,2.77
100,Nikolskoye,RU,2021-10-11 11:40:23,59.7035,30.7861,54.88,49,57,9.64
101,Georgetown,MY,2021-10-11 11:40:23,5.4112,100.3354,85.98,71,20,1.99
102,Bambous Virieux,MU,2021-10-11 11:40:24,-20.3428,57.7575,77.22,94,75,14.97
103,Mount Isa,AU,2021-10-11 11:40:20,-20.7333,139.5,71.37,94,90,8.05
104,Saint-Pierre,RE,2021-10-11 11:40:24,-21.3393,55.4781,78.48,78,90,13.8
105,Griffith,US,2021-10-11 11:40:24,41.5284,-87.4237,72.09,82,1,5.01
106,Port Lincoln,AU,2021-10-11 11:40:25,-34.7333,135.8667,53.91,65,50,11.45
107,Ahipara,NZ,2021-10-11 11:40:25,-35.1667,173.1667,60.28,91,100,14.47
108,Torbay,CA,2021-10-11 11:40:25,47.6666,-52.7314,46.89,89,20,9.22
109,Vila Velha,BR,2021-10-11 11:40:26,-20.3297,-40.2925,67.95,100,90,11.5
110,Port Elizabeth,ZA,2021-10-11 11:40:26,-33.918,25.5701,75.49,46,0,8.05
111,Pisco,PE,2021-10-11 11:40:26,-13.7,-76.2167,61.02,100,90,3.44
112,Vinkovci,HR,2021-10-11 11:40:27,45.2883,18.8047,49.95,93,90,4.61
113,Kyabram,AU,2021-10-11 11:40:27,-36.3167,145.05,45.68,62,1,13.0
114,Villa Bruzual,VE,2021-10-11 11:40:27,9.3328,-69.1208,74.66,94,75,3.0
115,Ulaangom,MN,2021-10-11 11:40:28,49.9811,92.0667,38.61,57,100,2.06
116,Sitka,US,2021-10-11 11:40:28,57.0531,-135.33,46.29,87,90,5.75
117,Ares,BR,2021-10-11 11:40:28,-6.1944,-35.1603,82.49,52,31,10.74
118,Saldanha,ZA,2021-10-11 11:40:28,-33.0117,17.9442,93.25,52,47,12.17
119,Mont-Dore,NC,2021-10-11 11:40:29,-22.2833,166.5833,73.38,79,39,6.67
120,Kavaratti,IN,2021-10-11 11:40:29,10.5669,72.642,81.91,81,100,18.34
121,Kirovskiy,RU,2021-10-11 11:40:30,45.0917,133.5136,45.77,71,1,3.62
122,Tasiilaq,GL,2021-10-11 11:40:30,65.6145,-37.6368,35.76,56,85,3.85
123,Avera,US,2021-10-11 11:40:30,33.194,-82.5271,63.72,94,77,5.86
124,Kieta,PG,2021-10-11 11:40:30,-6.2167,155.6333,79.81,81,100,1.21
125,Semey,KZ,2021-10-11 11:40:31,50.4111,80.2275,44.82,100,90,11.18
126,Jamestown,US,2021-10-11 11:40:31,42.097,-79.2353,63.99,95,1,1.99
127,Paramonga,PE,2021-10-11 11:40:32,-10.6667,-77.8333,63.28,89,77,6.62
128,Mar Del Plata,AR,2021-10-11 11:39:54,-38.0023,-57.5575,61.09,62,90,10.0
129,Saint Anthony,US,2021-10-11 11:40:32,45.0205,-93.218,53.26,85,1,1.01
130,Rorvik,NO,2021-10-11 11:40:32,64.8621,11.2373,48.31,100,75,4.61
131,Garwolin,PL,2021-10-11 11:40:33,51.8975,21.6147,58.77,33,86,4.7
132,Lompoc,US,2021-10-11 11:40:33,34.6391,-120.4579,58.68,85,90,8.05
133,Pitea,SE,2021-10-11 11:40:34,65.3172,21.4794,51.89,70,98,5.68
134,Luba,GQ,2021-10-11 11:40:34,3.4568,8.5547,79.52,84,72,4.9
135,Atuona,PF,2021-10-11 11:40:34,-9.8,-139.0333,77.7,78,22,21.61
136,Codrington,AU,2021-10-11 11:40:35,-38.2667,141.9667,43.27,79,6,8.28
137,Cidreira,BR,2021-10-11 11:40:35,-30.1811,-50.2056,66.2,77,100,21.85
138,Narsaq,GL,2021-10-11 11:40:35,60.9167,-46.05,28.62,50,6,2.06
139,Tuktoyaktuk,CA,2021-10-11 11:40:36,69.4541,-133.0374,27.95,88,99,3.6
140,Benjamin Aceval,PY,2021-10-11 11:40:36,-24.9667,-57.5667,75.34,84,84,4.74
141,Port Alfred,ZA,2021-10-11 11:40:36,-33.5906,26.891,80.01,47,81,13.6
142,Taltal,CL,2021-10-11 11:40:20,-25.4,-70.4833,61.57,66,19,1.79
143,Auki,SB,2021-10-11 11:40:37,-8.7676,160.7034,78.78,85,93,2.04
144,Bagua Grande,PE,2021-10-11 11:40:37,-5.7561,-78.4411,74.32,82,54,1.39
145,Bethel,US,2021-10-11 11:40:38,41.3712,-73.414,62.49,90,71,1.99
146,Cabo San Lucas,MX,2021-10-11 11:40:02,22.8909,-109.9124,82.51,83,42,5.17
147,Lebu,CL,2021-10-11 11:40:38,-37.6167,-73.65,50.77,83,99,16.17
148,Geraldton,AU,2021-10-11 11:40:38,-28.7667,114.6,62.13,82,75,18.41
149,Ginir,ET,2021-10-11 11:40:39,7.1333,40.7,68.27,67,89,4.03
150,Luganville,VU,2021-10-11 11:40:39,-15.5333,167.1667,78.04,84,82,7.07
151,Grand-Santi,GF,2021-10-11 11:40:39,4.25,-54.3833,80.71,75,76,4.7
152,La Libertad,EC,2021-10-11 11:40:40,-2.2333,-80.9,67.66,88,20,0.0
153,San-Pedro,CI,2021-10-11 11:40:40,4.7485,-6.6363,76.28,92,98,4.05
154,Antofagasta,CL,2021-10-11 11:40:40,-23.65,-70.4,58.28,66,8,4.68
155,Gat,IL,2021-10-11 11:40:41,31.61,34.7642,91.4,34,1,12.24
156,Fortuna,US,2021-10-11 11:36:58,40.5982,-124.1573,51.66,56,19,5.01
157,Castro,BR,2021-10-11 11:40:41,-24.7911,-50.0119,57.06,98,100,7.74
158,Cherskiy,RU,2021-10-11 11:40:42,68.75,161.3,-2.15,98,12,4.27
159,Provideniya,RU,2021-10-11 11:40:42,64.3833,-173.3,29.25,85,100,5.84
160,Agadir,MA,2021-10-11 11:40:42,30.4202,-9.5982,73.85,66,22,7.49
161,Dali,CN,2021-10-11 11:40:43,25.7,100.1833,62.85,83,46,3.58
162,Mahebourg,MU,2021-10-11 11:40:43,-20.4081,57.7,77.25,94,75,14.97
163,Nichinan,JP,2021-10-11 11:40:43,31.6,131.3667,80.28,87,29,4.29
164,Kahului,US,2021-10-11 11:40:44,20.8947,-156.47,76.84,86,40,9.22
165,Alihe,CN,2021-10-11 11:40:44,50.5667,123.7167,40.35,74,4,2.33
166,Chifeng,CN,2021-10-11 11:40:44,42.2683,118.9636,49.35,32,0,2.59
167,Bukachacha,RU,2021-10-11 11:40:45,52.9833,116.9167,37.27,75,12,3.31
168,Port Hardy,CA,2021-10-11 11:40:45,50.6996,-127.4199,44.6,100,90,4.61
169,Saint-Augustin,CA,2021-10-11 11:40:45,51.226,-58.6502,52.03,81,33,3.74
170,Atar,MR,2021-10-11 11:40:46,20.5169,-13.0499,97.14,12,1,2.37
171,Naspur,IN,2021-10-11 11:40:46,18.8333,79.45,81.43,70,8,4.59
172,Coihaique,CL,2021-10-11 11:40:47,-45.5752,-72.0662,48.15,76,90,9.22
173,West Plains,US,2021-10-11 11:40:47,36.7281,-91.8524,68.09,96,100,1.99
174,Guerrero Negro,MX,2021-10-11 11:40:47,27.9769,-114.0611,67.53,77,0,10.45
175,Neiafu,TO,2021-10-11 11:40:48,-18.65,-173.9833,74.52,75,85,8.19
176,Pinheiro Machado,BR,2021-10-11 11:40:48,-31.5783,-53.3811,58.78,99,100,9.93
177,Yuanping,CN,2021-10-11 11:40:49,38.7153,112.7575,49.42,43,0,0.94
178,Arman,RU,2021-10-11 11:40:49,59.7,150.1667,30.85,60,7,4.94
179,Nioro,GM,2021-10-11 11:40:50,13.35,-15.75,90.18,55,81,4.14
180,Morros,BR,2021-10-11 11:40:51,-9.4467,-46.3003,94.12,30,68,3.13
181,Ambilobe,MG,2021-10-11 11:40:51,-13.2,49.05,87.04,44,13,11.54
182,Matagami,CA,2021-10-11 11:40:52,49.7502,-77.6328,60.91,94,90,13.8
183,Biak,ID,2021-10-11 11:40:52,-0.9131,122.8766,78.44,84,96,4.9
184,Sao Filipe,CV,2021-10-11 11:40:52,14.8961,-24.4956,81.55,68,0,8.1
185,Korla,CN,2021-10-11 11:40:52,41.7597,86.1469,54.27,28,81,2.46
186,Weatherford,US,2021-10-11 11:38:46,32.7593,-97.7972,60.39,82,0,4.0
187,San Patricio,US,2021-10-11 11:40:53,28.017,-97.5169,82.49,79,70,5.26
188,Dzhebariki-Khaya,RU,2021-10-11 11:40:53,62.2167,135.8,32.31,93,100,7.2
189,Damaturu,NG,2021-10-11 11:40:53,11.747,11.9608,94.98,26,96,7.0
190,Vila Franca Do Campo,PT,2021-10-11 11:40:54,37.7167,-25.4333,72.01,91,100,12.35
191,Sassandra,CI,2021-10-11 11:40:54,4.95,-6.0833,81.1,76,98,5.66
192,Bud,US,2021-10-11 11:40:55,39.447,-86.1758,67.95,95,97,10.74
193,Norman Wells,CA,2021-10-11 11:40:55,65.282,-126.8329,24.84,100,90,2.3
194,Ixtapa,MX,2021-10-11 11:40:55,20.7,-105.2,77.23,94,90,0.0
195,Normandin,CA,2021-10-11 11:36:52,48.8333,-72.5321,55.71,94,99,4.61
196,Longhua,CN,2021-10-11 11:40:56,23.6137,114.1919,70.45,79,60,5.37
197,Tsiroanomandidy,MG,2021-10-11 11:40:56,-18.7667,46.0333,89.06,26,6,8.39
198,Yerbogachen,RU,2021-10-11 11:40:57,61.2767,108.0108,24.69,57,99,11.45
199,Tautira,PF,2021-10-11 11:40:57,-17.7333,-149.15,77.0,78,99,13.4
200,Pascagoula,US,2021-10-11 11:40:57,30.3658,-88.5561,75.04,100,1,0.0
201,Lagoa,PT,2021-10-11 11:40:57,39.05,-27.9833,70.7,84,100,4.36
202,Bull Savanna,JM,2021-10-11 11:40:58,17.8868,-77.5902,75.13,82,40,5.79
203,Sabang,ID,2021-10-11 11:40:58,5.8933,95.3214,82.47,81,40,24.54
204,Paratinga,BR,2021-10-11 11:40:59,-12.6906,-43.1842,89.22,31,68,5.3
205,Turayf,SA,2021-10-11 11:40:59,31.6725,38.6637,91.65,17,0,6.91
206,Changying,CN,2021-10-11 11:40:59,52.8733,123.3213,36.16,70,40,5.66
207,Tuy Hoa,VN,2021-10-11 11:41:00,13.0833,109.3,78.53,89,66,3.47
208,Yasu,JP,2021-10-11 11:41:00,35.068,136.0233,75.9,85,80,1.88
209,Yeniseysk,RU,2021-10-11 11:41:01,58.4497,92.1703,28.36,58,31,2.24
210,Rio Grande,BR,2021-10-11 11:38:02,-32.035,-52.0986,64.94,83,100,25.23
211,Mataram,ID,2021-10-11 11:41:01,-8.5833,116.1167,79.61,79,98,9.4
212,Manuk Mangkaw,PH,2021-10-11 11:41:02,4.8,119.85,84.4,78,100,12.64
213,Chokurdakh,RU,2021-10-11 11:41:03,70.6333,147.9167,18.9,87,100,6.51
214,Saint-Philippe,RE,2021-10-11 11:41:03,-21.3585,55.7679,78.22,85,43,8.46
215,Ulladulla,AU,2021-10-11 11:41:03,-35.35,150.4667,52.7,68,48,3.51
216,Havre-Saint-Pierre,CA,2021-10-11 11:41:04,50.2334,-63.5986,52.39,100,1,2.3
217,Ossora,RU,2021-10-11 11:41:04,59.2353,163.0719,36.57,76,100,11.86
218,Karratha,AU,2021-10-11 11:41:04,-20.7377,116.8463,76.05,60,2,9.84
219,Severo-Kurilsk,RU,2021-10-11 11:41:05,50.6789,156.125,46.36,84,60,20.54
220,Hithadhoo,MV,2021-10-11 11:41:05,-0.6,73.0833,82.94,73,57,15.7
221,Belyy Yar,RU,2021-10-11 11:41:06,53.6039,91.3903,42.69,81,40,11.18
222,Antalaha,MG,2021-10-11 11:41:06,-14.9003,50.2788,79.99,62,21,16.31
223,Beringovskiy,RU,2021-10-11 11:41:06,63.05,179.3167,20.71,89,58,4.9
224,Ponta Do Sol,PT,2021-10-11 11:41:07,32.6667,-17.1,76.71,73,37,2.01
225,Clyde River,CA,2021-10-11 11:41:07,70.4692,-68.5914,39.43,75,40,11.5
226,West Wendover,US,2021-10-11 11:37:46,40.7391,-114.0733,42.01,70,1,8.05
227,Pangnirtung,CA,2021-10-11 11:41:07,66.1451,-65.7125,30.2,93,75,2.3
228,Talnakh,RU,2021-10-11 11:41:07,69.4865,88.3972,23.72,95,100,10.83
229,Kapoeta,SS,2021-10-11 11:41:08,4.7717,33.5903,96.22,27,6,15.5
230,Verkhniy Fiagdon,RU,2021-10-11 11:41:08,42.8333,44.3053,52.47,77,29,1.54
231,Independence,US,2021-10-11 11:40:12,39.0911,-94.4155,60.08,93,90,5.01
232,Bredasdorp,ZA,2021-10-11 11:41:09,-34.5322,20.0403,88.92,22,87,6.91
233,Mathathane,BW,2021-10-11 11:41:09,-22.2687,28.7495,76.26,28,29,17.81
234,Husavik,IS,2021-10-11 11:41:09,66.0449,-17.3389,31.91,72,59,7.09
235,Mingshui,CN,2021-10-11 11:41:10,36.7167,117.5,54.36,58,21,4.99
236,Novoseleznevo,RU,2021-10-11 11:41:10,55.6821,69.2056,37.33,44,24,4.72
237,Luwuk,ID,2021-10-11 11:41:10,-0.9516,122.7875,79.56,88,95,4.38
238,Aitape,PG,2021-10-11 11:41:11,-3.1374,142.3475,80.17,84,48,3.18
239,Najran,SA,2021-10-11 11:41:11,17.4924,44.1277,92.05,13,15,19.26
240,La Palma,US,2021-10-11 11:41:12,33.8464,-118.0467,64.49,90,75,3.44
241,Pocatello,US,2021-10-11 11:40:37,42.8713,-112.4455,48.72,74,90,15.99
242,Tutoia,BR,2021-10-11 11:41:12,-2.7619,-42.2744,83.53,67,41,13.53
243,Chiman,PK,2021-10-11 11:41:12,32.5463,73.8138,91.54,33,0,4.88
244,Bolkhov,RU,2021-10-11 11:41:13,53.4433,36.0044,52.68,46,99,5.82
245,Namatanai,PG,2021-10-11 11:41:13,-3.6667,152.4333,80.55,81,53,5.75
246,Zuya,UA,2021-10-11 11:41:13,45.0531,34.3154,64.72,44,46,5.93
247,Lavrentiya,RU,2021-10-11 11:41:14,65.5833,-171.0,28.62,79,100,7.18
248,Souillac,MU,2021-10-11 11:41:14,-20.5167,57.5167,77.36,94,75,14.97
249,Sao Jose Da Coroa Grande,BR,2021-10-11 11:41:15,-8.8978,-35.1478,82.15,64,50,8.3
250,Olafsvik,IS,2021-10-11 11:41:15,64.8945,-23.7142,41.0,64,10,4.83
251,Namibe,AO,2021-10-11 11:41:15,-15.1961,12.1522,79.43,69,20,20.71
252,Tirumullaivasal,IN,2021-10-11 11:41:16,11.2333,79.8333,83.77,77,98,11.52
253,Fallon,US,2021-10-11 11:41:16,39.4735,-118.7774,44.47,74,40,19.57
254,Atenco,MX,2021-10-11 11:41:16,19.8858,-97.9258,60.84,78,5,7.11
255,Barcelos,PT,2021-10-11 11:36:19,41.5388,-8.6151,77.29,32,47,7.81
256,Poros,GR,2021-10-11 11:41:17,37.4994,23.4536,80.69,63,29,5.75
257,Chuy,UY,2021-10-11 11:41:17,-33.6971,-53.4616,58.78,95,100,20.85
258,Gunjur,GM,2021-10-11 11:41:17,13.2019,-16.7339,87.87,74,27,5.75
259,Stephenville Crossing,CA,2021-10-11 11:41:18,48.5,-58.4318,48.33,100,90,3.44
260,Santa Maria,BR,2021-10-11 11:41:18,-29.6842,-53.8069,61.9,100,75,8.05
261,Prieska,ZA,2021-10-11 11:41:18,-29.6641,22.7474,90.03,16,11,16.96
262,Leshukonskoye,RU,2021-10-11 11:41:19,64.8989,45.7622,48.09,96,100,7.87
263,Nyurba,RU,2021-10-11 11:41:19,63.2842,118.3319,28.63,70,87,11.48
264,Sembe,CG,2021-10-11 11:41:20,1.6481,14.5806,89.85,48,82,2.62
265,Hamilton,US,2021-10-11 11:37:24,39.1834,-84.5333,67.75,91,1,1.01
266,Linxia,CN,2021-10-11 11:41:20,35.6003,103.2064,54.45,70,0,1.57
267,Kysyl-Syr,RU,2021-10-11 11:41:20,63.8986,122.7617,28.78,67,72,10.78
268,Sao Miguel Do Araguaia,BR,2021-10-11 11:41:21,-13.275,-50.1628,90.5,38,100,3.51
269,Acapulco,MX,2021-10-11 11:41:21,16.8634,-99.8901,76.6,85,8,3.78
270,Bengkulu,ID,2021-10-11 11:41:22,-3.8004,102.2655,76.68,81,100,3.65
271,Beirut,LB,2021-10-11 11:41:22,33.8889,35.4944,82.87,69,20,9.22
272,Longyearbyen,SJ,2021-10-11 11:41:22,78.2186,15.6401,31.84,69,75,19.57
273,Talcahuano,CL,2021-10-11 11:41:23,-36.7167,-73.1167,46.08,100,0,5.75
274,Qaqortoq,GL,2021-10-11 11:41:23,60.7167,-46.0333,28.9,47,4,1.61
275,Nong Khae,TH,2021-10-11 11:41:24,14.3406,100.8673,85.95,89,100,4.94
276,Hasaki,JP,2021-10-11 11:41:24,35.7333,140.8333,73.69,82,3,7.4
277,Alofi,NU,2021-10-11 11:41:24,-19.0595,-169.9187,71.49,100,75,2.3
278,Beldanga,IN,2021-10-11 11:41:25,23.9333,88.25,85.44,64,4,6.71
279,Anadyr,RU,2021-10-11 11:41:25,64.75,177.4833,19.9,92,90,4.0
280,Nenjiang,CN,2021-10-11 11:41:25,49.1833,125.2167,46.54,58,2,4.83
281,Mbandaka,CD,2021-10-11 11:41:26,0.0487,18.2603,75.7,92,99,2.42
282,Ahmadpur East,PK,2021-10-11 11:41:26,29.1431,71.2598,98.55,11,0,7.67
283,Tauramena,CO,2021-10-11 11:41:26,5.0183,-72.7492,70.41,98,100,2.48
284,Elban,RU,2021-10-11 11:41:27,50.1018,136.5094,41.99,89,63,2.82
285,Leiyang,CN,2021-10-11 11:41:27,26.4024,112.8591,55.33,86,100,6.38
286,Esperance,AU,2021-10-11 11:41:27,-33.8667,121.9,51.64,88,95,29.95
287,Nemuro,JP,2021-10-11 11:41:28,43.3236,145.575,55.87,69,100,19.44
288,Matara,LK,2021-10-11 11:41:28,5.9485,80.5353,79.47,86,64,15.55
289,Isangel,VU,2021-10-11 11:41:29,-19.55,169.2667,70.83,81,6,7.49
290,Bathsheba,BB,2021-10-11 11:41:29,13.2167,-59.5167,84.81,74,75,17.27
291,Ilulissat,GL,2021-10-11 11:41:29,69.2167,-51.1,30.22,80,75,0.0
292,Kyabe,TD,2021-10-11 11:41:30,9.4515,18.9449,91.62,52,74,4.79
293,Walvis Bay,NA,2021-10-11 11:41:30,-22.9575,14.5053,72.55,49,7,8.05
294,Santa Cruz,BO,2021-10-11 11:41:30,-17.8,-63.1667,71.65,88,90,11.5
295,Sarkand,KZ,2021-10-11 11:41:31,45.41,79.9186,44.2,66,88,8.01
296,Krasnoselkup,RU,2021-10-11 11:41:31,65.7,82.4667,27.59,71,68,9.17
297,Xudat,AZ,2021-10-11 11:41:31,41.631,48.681,63.19,66,64,14.67
298,Alenquer,BR,2021-10-11 11:41:32,-1.9417,-54.7383,82.74,57,16,8.41
299,Taoudenni,ML,2021-10-11 11:41:32,22.6783,-3.9836,103.33,6,73,7.94
300,Rio Pardo,BR,2021-10-11 11:41:33,-29.9897,-52.3781,61.75,94,100,8.84
301,Faya,SA,2021-10-11 11:41:33,18.3851,42.4509,80.71,15,17,10.98
302,Selma,US,2021-10-11 11:41:33,36.5708,-119.6121,55.45,49,1,1.74
303,Zhigalovo,RU,2021-10-11 11:41:34,54.8097,105.1578,43.21,64,100,1.21
304,Flin Flon,CA,2021-10-11 11:37:14,54.7682,-101.865,46.24,81,90,4.61
305,Shingu,JP,2021-10-11 11:41:34,33.7333,135.9833,71.76,92,86,3.09
306,Waipawa,NZ,2021-10-11 11:41:35,-41.4122,175.5153,54.45,82,100,14.97
307,Lebedinyy,RU,2021-10-11 11:41:35,58.5167,125.5167,31.01,89,100,14.47
308,Chapais,CA,2021-10-11 11:41:35,49.7834,-74.8492,56.98,97,98,6.67
309,Padang,ID,2021-10-11 11:41:36,-0.9492,100.3543,82.45,85,92,0.34
310,Carauari,BR,2021-10-11 11:41:36,-4.8828,-66.8958,80.1,77,30,2.82
311,Buchanan,LR,2021-10-11 11:41:36,5.8808,-10.0467,84.16,78,62,6.24
312,Mehamn,NO,2021-10-11 11:41:37,71.0357,27.8492,44.51,87,20,2.3
313,Comodoro Rivadavia,AR,2021-10-11 11:41:37,-45.8667,-67.5,58.86,44,0,18.41
314,Santa Lucia,ES,2021-10-11 11:41:37,27.9117,-15.5407,70.92,51,40,24.16
315,Buala,SB,2021-10-11 11:41:38,-8.145,159.5921,80.51,78,92,4.85
316,Labuhan,ID,2021-10-11 11:41:38,-6.8844,112.2051,83.08,61,100,6.82
317,La Ronge,CA,2021-10-11 11:41:38,55.1001,-105.2842,43.05,81,90,9.22
318,Eyl,SO,2021-10-11 11:41:39,7.9803,49.8164,86.32,57,87,17.74
319,Fairlie,GB,2021-10-11 11:41:39,55.756,-4.8556,59.11,84,98,4.0
320,Puerto Del Rosario,ES,2021-10-11 11:41:40,28.5004,-13.8627,76.75,57,75,10.36
321,Jacksonville Beach,US,2021-10-11 11:41:40,30.2947,-81.3931,71.62,94,40,1.01
322,Wasilla,US,2021-10-11 11:41:41,61.5814,-149.4394,43.75,72,90,1.01
323,Abalak,RU,2021-10-11 11:41:41,58.1286,68.5944,34.72,50,98,6.67
324,Lorengau,PG,2021-10-11 11:41:41,-2.0226,147.2712,82.09,76,64,6.26
325,Dingle,PH,2021-10-11 11:41:42,10.9995,122.6711,77.99,86,97,12.64
326,Kalaleh,IR,2021-10-11 11:41:42,37.3807,55.4916,74.8,33,20,4.61
327,Tessalit,ML,2021-10-11 11:41:42,20.1986,1.0114,100.06,6,78,9.46
328,Kloulklubed,PW,2021-10-11 11:41:43,7.0419,134.2556,75.7,78,91,10.85
329,Okha,RU,2021-10-11 11:41:43,53.5739,142.9478,41.85,72,89,18.05
330,Cauquenes,CL,2021-10-11 11:41:44,-35.9671,-72.3225,53.28,73,99,1.9
331,Bibiani,GH,2021-10-11 11:41:44,6.4635,-2.3194,90.1,52,58,1.9
332,College,US,2021-10-11 11:41:44,64.8569,-147.8028,35.26,93,90,4.61
333,Red Wing,US,2021-10-11 11:36:47,44.5625,-92.5338,53.98,87,1,1.01
334,Oranjemund,NA,2021-10-11 11:41:44,-28.55,16.4333,83.08,27,3,12.3
335,Sangar,RU,2021-10-11 11:41:45,63.9242,127.4739,31.01,89,100,5.53
336,Manokwari,ID,2021-10-11 11:41:45,-0.8667,134.0833,81.28,78,74,5.64
337,Lata,PT,2021-10-11 11:41:46,40.1629,-8.3327,78.93,44,99,8.01
338,Tarnos,FR,2021-10-11 11:41:46,43.5417,-1.4628,70.32,63,0,4.61
339,Pechenga,RU,2021-10-11 11:41:47,69.5259,31.1703,43.66,98,100,8.3
340,Les Cayes,HT,2021-10-11 11:41:47,18.2,-73.75,79.57,76,83,3.69
341,Buta,CD,2021-10-11 11:41:48,2.7858,24.73,71.13,98,100,4.25
342,Yongan,CN,2021-10-11 11:41:48,39.6957,113.6871,44.65,53,0,5.64
343,Tarakan,ID,2021-10-11 11:41:48,3.3,117.6333,85.5,79,20,1.14
344,Ust-Maya,RU,2021-10-11 11:41:48,60.4167,134.5333,31.32,83,74,7.23
345,Beyneu,KZ,2021-10-11 11:41:49,45.3167,55.2,62.67,24,0,1.86
346,Banjar,ID,2021-10-11 11:41:49,-8.19,114.9675,80.46,85,94,10.0
347,Layou,VC,2021-10-11 11:41:50,13.2,-61.2667,80.08,78,75,6.91
348,Ojinaga,MX,2021-10-11 11:41:50,29.5667,-104.4167,61.75,25,1,6.91
349,Sola,VU,2021-10-11 11:41:50,-13.8833,167.55,79.93,78,47,12.48
350,Kampot,KH,2021-10-11 11:41:50,10.6167,104.1833,82.45,85,100,8.86
351,Henties Bay,NA,2021-10-11 11:41:51,-22.116,14.2845,64.85,57,4,10.51
352,Bubaque,GW,2021-10-11 11:41:51,11.2833,-15.8333,82.36,74,93,4.29
353,Sorong,ID,2021-10-11 11:41:52,-0.8833,131.25,81.07,83,82,5.77
354,Mujiayingzi,CN,2021-10-11 11:41:52,42.1167,118.7833,48.0,33,0,2.98
355,Ancud,CL,2021-10-11 11:41:52,-41.8697,-73.8203,48.42,81,99,3.58
356,Sholapur,IN,2021-10-11 11:41:53,17.6833,75.9167,84.22,56,86,8.86
357,Gamboula,CF,2021-10-11 11:41:53,4.1178,15.1393,85.5,60,89,2.62
358,Saint-Georges,GD,2021-10-11 11:41:30,12.0564,-61.7485,82.08,83,20,18.41
359,Sur,OM,2021-10-11 11:41:53,22.5667,59.5289,86.31,51,2,6.53
360,Iwanai,JP,2021-10-11 11:41:54,42.9744,140.5089,53.1,69,86,7.29
361,Nakamura,JP,2021-10-11 11:41:54,32.9833,132.9333,73.26,97,90,2.33
362,Palmer,US,2021-10-11 11:41:54,42.1584,-72.3287,59.99,77,90,1.01
363,Zhoucheng,CN,2021-10-11 11:41:55,35.9122,116.3117,54.84,61,62,7.02
364,Terrace,CA,2021-10-11 11:41:55,54.5163,-128.6035,43.43,93,90,4.61
365,Madinat Sittah Uktubar,EG,2021-10-11 11:41:56,29.8167,31.05,91.56,20,46,13.96
366,Kutum,SD,2021-10-11 11:41:56,14.2,24.6667,93.9,18,45,15.93
367,Parintins,BR,2021-10-11 11:41:56,-2.6283,-56.7358,84.69,62,61,5.21
368,Huazhou,CN,2021-10-11 11:41:57,21.6333,110.5833,75.61,74,80,13.24
369,Vranje,RS,2021-10-11 11:41:57,42.5514,21.9003,56.79,91,100,3.98
370,Gorontalo,ID,2021-10-11 11:41:57,0.5412,123.0595,78.76,92,98,3.51
371,Saskylakh,RU,2021-10-11 11:41:57,71.9167,114.0833,26.71,96,100,15.28
372,Mount Gambier,AU,2021-10-11 11:41:58,-37.8333,140.7667,40.91,87,1,6.91
373,Porto Novo,BJ,2021-10-11 11:41:58,6.4965,2.6036,87.62,58,90,8.95
374,Cowansville,CA,2021-10-11 11:41:58,45.2001,-72.7491,60.01,91,95,0.0
375,Meulaboh,ID,2021-10-11 11:41:59,4.1363,96.1285,80.42,79,79,3.53
376,Nhulunbuy,AU,2021-10-11 11:41:59,-12.2333,136.7667,81.21,74,40,5.75
377,Kosh-Agach,RU,2021-10-11 11:42:00,50.0,88.6667,24.06,86,100,2.73
378,Mezhdurechensk,RU,2021-10-11 11:42:00,53.6942,88.0603,42.08,96,100,3.18
379,Sao Joao Da Barra,BR,2021-10-11 11:42:00,-21.6403,-41.0511,68.09,89,100,17.05
380,Hami,CN,2021-10-11 11:42:01,42.8,93.45,56.01,23,100,4.83
381,Almansa,ES,2021-10-11 11:42:02,38.8692,-1.0971,70.07,56,86,9.98
382,Fairbanks,US,2021-10-11 11:39:43,64.8378,-147.7164,33.76,93,75,8.05
383,Bentiu,SS,2021-10-11 11:42:02,9.2333,29.8333,95.88,38,98,4.63
384,Deputatskiy,RU,2021-10-11 11:42:03,69.3,139.9,19.53,88,99,3.09
385,Dargaville,NZ,2021-10-11 11:42:03,-35.9333,173.8833,57.34,88,100,9.44
386,Asfi,MA,2021-10-11 11:42:04,32.2994,-9.2372,71.26,77,13,10.18
387,Altay,CN,2021-10-11 11:42:04,47.8667,88.1167,38.25,65,100,0.94
388,Richards Bay,ZA,2021-10-11 11:42:04,-28.783,32.0377,74.48,42,0,13.62
389,Mayna,RU,2021-10-11 11:42:05,54.1135,47.6231,53.65,59,97,2.26
390,Northam,GB,2021-10-11 11:42:05,51.0333,-4.2167,62.65,77,99,8.55
391,Warren,US,2021-10-11 11:37:08,39.4334,-84.1666,67.23,86,1,7.0
392,Vostok,RU,2021-10-11 11:42:05,46.4856,135.8833,36.63,83,6,3.6
393,Itabirito,BR,2021-10-11 11:42:06,-20.2533,-43.8014,65.17,98,100,1.54
394,Tehri,IN,2021-10-11 11:42:06,30.3833,78.4833,74.35,63,0,2.73
395,Sovetskiy,RU,2021-10-11 11:42:07,61.3614,63.5842,32.27,96,100,7.83
396,Tura,IN,2021-10-11 11:42:07,25.5198,90.2201,77.67,92,21,3.67
397,Mildura,AU,2021-10-11 11:42:07,-34.2,142.15,52.07,37,1,4.61
398,Erzin,TR,2021-10-11 11:42:07,36.9559,36.2,93.72,25,63,5.79
399,Katobu,ID,2021-10-11 11:42:08,-4.9408,122.5276,78.1,83,100,3.29
400,Erenhot,CN,2021-10-11 11:42:08,43.6475,111.9767,49.78,20,0,6.8
401,Esperanza,DO,2021-10-11 11:42:09,19.5847,-70.9849,76.01,88,92,4.43
402,Resplendor,BR,2021-10-11 11:42:09,-19.3256,-41.2553,68.74,98,100,2.46
403,Sisimiut,GL,2021-10-11 11:42:09,66.9395,-53.6735,32.32,77,26,8.01
404,Xuddur,SO,2021-10-11 11:42:10,4.1213,43.8894,83.62,52,97,15.97
405,San Pedro,PH,2021-10-11 11:42:10,14.35,121.0167,85.23,78,75,23.02
406,Ortigueira,BR,2021-10-11 11:42:11,-24.2083,-50.9494,62.2,87,100,5.08
407,Batticaloa,LK,2021-10-11 11:42:11,7.7102,81.6924,85.05,66,100,13.91
408,Zhezkazgan,KZ,2021-10-11 11:42:11,47.8043,67.7144,47.32,31,10,15.59
409,Mahibadhoo,MV,2021-10-11 11:42:12,3.7833,72.9667,83.53,78,100,17.25
410,Mackenzie,CA,2021-10-11 11:42:12,55.2999,-123.1698,25.02,93,1,2.3
411,Coro,VE,2021-10-11 11:42:12,11.4045,-69.6734,80.64,79,48,4.65
412,Grindavik,IS,2021-10-11 11:42:13,63.8424,-22.4338,41.47,81,20,2.3
413,Palu,ID,2021-10-11 11:42:13,-0.8917,119.8707,78.39,97,89,1.01
414,San Angelo,US,2021-10-11 11:38:35,31.4638,-100.437,53.55,75,1,1.01
415,Escanaba,US,2021-10-11 11:42:14,45.7453,-87.0646,64.96,93,90,8.05
416,Fort Nelson,CA,2021-10-11 11:42:14,58.8053,-122.7002,33.39,86,75,0.0
417,Nouadhibou,MR,2021-10-11 11:42:14,20.931,-17.0347,75.18,69,20,18.41
418,Ternate,ID,2021-10-11 11:42:15,0.8,127.4,82.71,78,19,6.73
419,Kathmandu,NP,2021-10-11 11:37:19,27.7167,85.3167,77.22,73,20,9.22
420,Petropavl,KZ,2021-10-11 11:42:15,54.8753,69.1628,40.98,30,0,4.47
421,Teyateyaneng,LS,2021-10-11 11:42:15,-29.1472,27.7489,73.2,16,11,5.79
422,Mont-Joli,CA,2021-10-11 11:42:16,48.5839,-68.1921,54.9,82,75,5.75
423,Smithers,CA,2021-10-11 11:42:16,54.7804,-127.1743,32.32,93,90,0.0
424,Raga,SS,2021-10-11 11:42:16,8.4596,25.678,94.62,40,60,1.72
425,Seoul,KR,2021-10-11 11:42:17,37.5683,126.9778,63.91,77,0,3.44
426,Rawson,AR,2021-10-11 11:38:08,-43.3002,-65.1023,62.26,42,96,14.29
427,Olinda,BR,2021-10-11 11:42:17,-8.0089,-34.8553,80.33,74,40,5.75
428,Augusta,DE,2021-10-11 11:42:18,48.3667,10.8833,58.05,59,0,5.75
429,Ostersund,SE,2021-10-11 11:42:18,63.1792,14.6357,46.62,93,75,8.05
430,Ulaanbaatar,MN,2021-10-11 11:42:17,47.9077,106.8832,35.73,51,0,6.71
431,Conde,BR,2021-10-11 11:42:18,-7.2597,-34.9075,83.66,65,40,8.05
432,Cayenne,GF,2021-10-11 11:37:31,4.9333,-52.3333,86.09,77,20,4.0
433,Brae,GB,2021-10-11 11:42:19,60.3964,-1.353,49.91,78,76,17.72
434,Boa Vista,BR,2021-10-11 11:37:40,2.8197,-60.6733,78.78,78,0,3.44
435,Caravelas,BR,2021-10-11 11:37:23,-17.7125,-39.2481,73.87,93,100,5.28
436,Elko,US,2021-10-11 11:42:20,41.0002,-115.5012,41.02,75,38,11.99
437,Pierre,US,2021-10-11 11:42:20,44.3683,-100.351,55.06,89,1,1.99
438,Salinopolis,BR,2021-10-11 11:42:20,-0.6136,-47.3561,84.85,64,27,14.12
439,Orel-Izumrud,RU,2021-10-11 11:42:20,43.4583,39.9244,68.02,68,75,7.0
440,Camacha,PT,2021-10-11 11:42:21,33.0833,-16.3333,72.36,60,75,11.5
441,Mikhaylovka,RU,2021-10-11 11:42:21,50.06,43.2379,60.39,31,80,9.37
442,Tonekabon,IR,2021-10-11 11:42:21,36.8163,50.8738,73.35,65,73,4.09
443,Arlit,NE,2021-10-11 11:42:22,18.7369,7.3853,99.91,5,55,5.5
444,Linhares,BR,2021-10-11 11:42:22,-19.3911,-40.0722,68.95,97,100,7.0
445,Coquimbo,CL,2021-10-11 11:42:22,-29.9533,-71.3436,51.53,62,0,3.44
446,Longuenesse,FR,2021-10-11 11:42:23,50.734,2.2352,62.62,63,100,9.93
447,Pacific Grove,US,2021-10-11 11:42:23,36.6177,-121.9166,55.51,84,75,1.99
448,Ust-Kuyga,RU,2021-10-11 11:42:24,70.0167,135.6,17.51,97,64,1.79
449,Marienburg,PL,2021-10-11 11:42:24,54.0359,19.0266,53.87,46,100,13.24
450,Serenje,ZM,2021-10-11 11:42:24,-13.2325,30.2352,76.77,43,48,13.27
451,Makat,KZ,2021-10-11 11:42:25,47.6469,53.3463,62.92,33,8,5.59
452,Urumqi,CN,2021-10-11 11:40:13,43.801,87.6005,45.55,66,75,4.47
453,Luau,AO,2021-10-11 11:42:25,-10.7073,22.2247,97.12,15,100,9.17
454,Hualmay,PE,2021-10-11 11:42:25,-11.0964,-77.6139,62.64,88,57,7.14
455,Kargil,IN,2021-10-11 11:42:25,34.5667,76.1,46.83,30,92,11.39
456,Balkanabat,TM,2021-10-11 11:42:26,39.5108,54.3671,68.65,12,0,9.53
457,Hakui,JP,2021-10-11 11:42:26,36.8833,136.7833,65.23,90,100,9.24
458,Hovd,MN,2021-10-11 11:42:27,48.0056,91.6419,43.2,29,100,1.23
459,Yining,CN,2021-10-11 11:42:27,29.0361,114.5636,60.91,89,100,4.09
460,Skeldon,GY,2021-10-11 11:42:27,5.8833,-57.1333,81.09,84,93,7.9
461,Elbistan,TR,2021-10-11 11:42:27,38.2059,37.1983,78.39,11,1,1.48
462,Nishihara,JP,2021-10-11 11:42:28,26.1842,127.7558,83.48,79,75,19.57
463,Killybegs,IE,2021-10-11 11:42:28,54.6333,-8.45,56.91,81,100,11.25
464,Comandau,RO,2021-10-11 11:42:29,45.7667,26.2667,59.95,40,100,5.82
465,Berezovyy,RU,2021-10-11 11:42:29,51.6667,135.7,38.34,76,6,6.73
466,Margate,GB,2021-10-11 11:42:29,51.3813,1.3862,56.91,75,100,3.0
467,Santa Rosa,PH,2021-10-11 11:42:29,14.3122,121.1114,85.98,78,100,17.45
468,Itoman,JP,2021-10-11 11:42:30,26.1247,127.6694,84.22,79,75,19.57
469,Erechim,BR,2021-10-11 11:42:30,-27.6342,-52.2739,60.84,97,100,5.26
470,Huntington,US,2021-10-11 11:42:30,38.4193,-82.4452,61.7,95,1,0.0
471,Chicama,PE,2021-10-11 11:42:31,-7.8447,-79.1469,57.74,90,81,4.34
472,Udachnyy,RU,2021-10-11 11:42:31,66.4167,112.4,17.87,92,100,23.8
473,Yalta,UA,2021-10-11 11:42:31,44.5,34.1667,62.62,69,71,2.71
474,Kazanskaya,RU,2021-10-11 11:42:32,45.4106,40.4361,66.92,47,100,9.57
475,Pitsunda,GE,2021-10-11 11:42:32,43.1592,40.3378,68.18,71,53,6.64
476,Aksarka,RU,2021-10-11 11:42:32,66.5606,67.7975,28.6,72,23,4.12
477,Lingyuan,CN,2021-10-11 11:42:33,41.24,119.4011,49.55,38,0,2.64
478,Putina,PE,2021-10-11 11:42:33,-15.4667,-69.4333,49.55,67,95,2.46
479,Vytegra,RU,2021-10-11 11:42:34,61.0064,36.4481,52.99,53,45,9.46
480,Dalvik,IS,2021-10-11 11:42:34,65.9702,-18.5286,31.93,77,19,5.19
481,Zhigansk,RU,2021-10-11 11:42:34,66.7697,123.3711,27.12,95,98,14.52
482,Sindor,RU,2021-10-11 11:42:34,62.8629,51.8905,45.25,98,100,7.47
483,Kusti,SD,2021-10-11 11:42:35,13.1629,32.6635,94.21,38,55,7.16
484,Sandpoint,US,2021-10-11 11:42:32,48.2766,-116.5533,32.45,88,0,0.0
485,Egvekinot,RU,2021-10-11 11:42:35,66.3167,-179.1667,13.84,87,37,6.33
486,Novyy Urengoy,RU,2021-10-11 11:42:35,66.0833,76.6333,29.43,66,81,5.46
487,Biltine,TD,2021-10-11 11:42:36,14.5333,20.9167,103.08,11,67,7.38
488,Tchollire,CM,2021-10-11 11:42:36,8.4022,14.1698,90.82,51,85,3.83
489,Keti Bandar,PK,2021-10-11 11:42:37,24.1447,67.4497,84.16,66,0,10.27
490,Vanavara,RU,2021-10-11 11:42:37,60.34,102.2797,24.53,56,71,5.21
491,Neuquen,AR,2021-10-11 11:40:37,-38.9516,-68.0591,53.49,62,0,6.91
492,Zhangye,CN,2021-10-11 11:42:37,38.9342,100.4517,55.99,35,4,9.33
493,Koumac,NC,2021-10-11 11:42:38,-20.5667,164.2833,71.37,72,6,3.02
494,Constitucion,CL,2021-10-11 11:42:38,-35.3333,-72.4167,56.21,69,97,2.98
495,San Quintin,MX,2021-10-11 11:42:38,30.4833,-115.95,62.87,90,1,6.49
496,Kilimatinde,TZ,2021-10-11 11:42:38,-5.85,34.95,88.61,24,100,9.51
497,Abbeville,FR,2021-10-11 11:40:48,50.1,1.8333,61.29,62,96,7.31
498,Kuito,AO,2021-10-11 11:42:39,-12.3833,16.9333,84.34,13,0,9.22
499,Vangaindrano,MG,2021-10-11 11:42:39,-23.35,47.6,73.56,68,91,16.37
500,Weiser,US,2021-10-11 11:42:40,44.251,-116.9693,46.6,58,94,8.01
501,Berwick,US,2021-10-11 11:42:40,41.0545,-76.2333,61.23,78,55,2.86
502,Strezhevoy,RU,2021-10-11 11:42:40,60.7333,77.5889,33.78,61,86,4.34
503,Singleton,AU,2021-10-11 11:42:41,-32.5667,151.1833,55.45,95,100,3.0
504,Arosa,CH,2021-10-11 11:42:41,46.7779,9.6762,48.87,36,13,6.46
505,Maragogi,BR,2021-10-11 11:42:41,-9.0122,-35.2225,82.36,64,53,8.32
506,Asau,RO,2021-10-11 11:42:42,46.4333,26.4,61.39,44,97,5.01
507,Poum,NC,2021-10-11 11:42:42,-20.2333,164.0167,74.39,68,0,10.58
508,Shibetsu,JP,2021-10-11 11:42:42,43.659,145.132,54.45,66,100,17.87
509,Lianzhou,CN,2021-10-11 11:42:43,24.7811,112.3825,57.2,87,96,8.3
510,Bratsk,RU,2021-10-11 11:42:43,56.1325,101.6142,36.09,93,100,5.39
511,Ritchie,ZA,2021-10-11 11:42:44,-29.038,24.6028,81.61,18,18,12.19
512,Laguna,US,2021-10-11 11:42:44,38.421,-121.4238,61.05,40,1,7.0
513,Houma,US,2021-10-11 11:42:44,29.5958,-90.7195,75.0,90,5,3.94
514,Flinders,AU,2021-10-11 11:42:45,-34.5833,150.8552,57.2,82,100,3.0
515,Faanui,PF,2021-10-11 11:42:45,-16.4833,-151.75,79.45,76,56,15.95
516,Nara,JP,2021-10-11 11:42:45,34.6851,135.8049,76.32,81,51,2.91
517,Dingzhou,CN,2021-10-11 11:42:46,38.5131,114.9956,51.91,60,0,3.24
518,Kailua,US,2021-10-11 11:39:01,21.4022,-157.7394,78.78,73,40,16.11
519,Ustka,PL,2021-10-11 11:42:46,54.5805,16.8619,55.89,68,87,15.59
520,Bousso,TD,2021-10-11 11:42:46,10.4795,16.7117,98.55,27,73,4.38
521,Gongzhuling,CN,2021-10-11 11:42:47,43.5008,124.8198,53.11,52,0,3.87
522,Itigi,TZ,2021-10-11 11:42:47,-5.7,34.4833,86.07,26,100,10.74
523,Deniliquin,AU,2021-10-11 11:42:48,-35.5333,144.9667,46.76,62,3,8.43
524,Thinadhoo,MV,2021-10-11 11:42:48,0.5333,72.9333,83.41,69,90,17.96
525,Kabin Buri,TH,2021-10-11 11:42:48,13.9511,101.7177,78.12,91,100,1.45
526,Roald,NO,2021-10-11 11:42:49,62.5833,6.1333,46.9,76,40,16.11
527,Daokou,CN,2021-10-11 11:42:49,35.5639,114.5058,56.26,61,98,4.43
528,Khotyn,UA,2021-10-11 11:42:49,48.4833,26.5,58.21,28,68,11.65
529,San Jose,US,2021-10-11 11:38:28,37.3394,-121.895,57.72,72,1,4.0
530,Bar Harbor,US,2021-10-11 11:42:50,44.3876,-68.2039,57.02,91,40,3.0
531,Lufilufi,WS,2021-10-11 11:42:50,-13.8745,-171.5986,69.58,65,99,11.5
532,Nizwa,OM,2021-10-11 11:42:51,22.9333,57.5333,96.01,18,6,6.33
533,Terrak,NO,2021-10-11 11:42:51,65.087,12.3715,48.22,94,98,3.71
534,Veraval,IN,2021-10-11 11:42:52,20.9,70.3667,85.15,69,15,6.85
535,Frankenthal,DE,2021-10-11 11:42:52,49.5372,8.355,60.42,85,90,2.3
536,Westport,US,2021-10-11 11:38:51,41.1415,-73.3579,64.44,90,90,11.01
537,El Alto,PE,2021-10-11 11:42:52,-4.2714,-81.2147,65.91,84,66,6.87
538,Kita,ML,2021-10-11 11:42:53,13.0349,-9.4895,91.13,44,85,4.43
539,Fort Dix,US,2021-10-11 11:42:53,40.0298,-74.6185,63.86,89,90,12.66
540,Huzhou,CN,2021-10-11 11:42:53,30.8703,120.0933,66.96,77,100,13.33
541,Porto Belo,BR,2021-10-11 11:42:54,-27.1578,-48.5531,69.96,80,100,11.05
542,Buin,CL,2021-10-11 11:42:54,-33.7333,-70.75,63.05,44,58,1.43
543,Wenatchee,US,2021-10-11 11:42:55,47.4235,-120.3103,46.8,61,1,1.99
544,Berdigestyakh,RU,2021-10-11 11:42:55,62.0989,126.6992,30.06,84,69,6.87
545,Ratnagiri,IN,2021-10-11 11:42:55,16.9833,73.3,82.54,78,52,3.67
546,Mendi,PG,2021-10-11 11:42:56,-6.1761,143.6513,56.16,98,99,1.9
547,Sainte-Rose,GP,2021-10-11 11:42:56,16.3324,-61.6979,82.18,94,75,2.3
548,Ampanihy,MG,2021-10-11 11:42:57,-24.7,44.75,75.56,37,73,14.45
549,Pochutla,MX,2021-10-11 11:42:57,15.7432,-96.4661,74.82,86,1,3.2
550,Chishtian Mandi,PK,2021-10-11 11:42:57,29.8,72.8667,96.8,11,0,8.32
551,Namie,JP,2021-10-11 11:42:58,37.4833,141.0,70.97,81,67,8.9
552,Nandgaon,IN,2021-10-11 11:42:58,20.3167,74.65,82.76,62,79,2.21
553,Edd,ER,2021-10-11 11:42:58,13.9297,41.6925,92.62,57,42,11.36
554,Katsuura,JP,2021-10-11 11:42:59,35.1333,140.3,78.19,84,2,10.38
555,General Roca,AR,2021-10-11 11:42:59,-39.0333,-67.5833,54.0,27,17,7.4
556,Champerico,GT,2021-10-11 11:43:00,14.3,-91.9167,82.35,85,90,8.59
557,Solnechnyy,RU,2021-10-11 11:43:00,50.7214,136.6319,40.59,61,43,5.75
558,Rome,US,2021-10-11 11:43:00,34.257,-85.1647,65.55,94,1,0.0
559,Kalmunai,LK,2021-10-11 11:43:01,7.4167,81.8167,84.29,73,99,4.59
560,Sergeyevka,KZ,2021-10-11 11:43:02,53.88,67.4158,39.24,43,23,2.71
561,Khilok,RU,2021-10-11 11:43:02,51.3674,110.4676,38.39,68,0,2.89
562,Rangpo,IN,2021-10-11 11:43:03,27.1833,88.5333,76.14,91,4,1.48
563,Zapolyarnyy,RU,2021-10-11 11:43:03,69.4154,30.8136,42.08,98,100,7.11
564,Angoram,PG,2021-10-11 11:43:04,-4.0625,144.0661,75.99,93,34,1.57
565,Garowe,SO,2021-10-11 11:43:04,8.4054,48.4845,87.22,44,86,15.66
566,Warrington,GB,2021-10-11 11:43:04,53.3925,-2.5802,61.92,75,75,1.99
567,Hofn,IS,2021-10-11 11:43:05,64.2539,-15.2082,40.77,66,72,2.24
568,Dudinka,RU,2021-10-11 11:43:05,69.4058,86.1778,22.06,89,98,6.8
569,Alghero,IT,2021-10-11 11:43:05,40.5589,8.3181,71.69,49,40,5.75
570,Prince George,CA,2021-10-11 11:41:14,53.9166,-122.753,32.29,93,75,3.44
571,Necochea,AR,2021-10-11 11:43:06,-38.5473,-58.7368,57.04,84,20,8.61
572,Broome,US,2021-10-11 11:43:06,42.2506,-75.833,57.85,81,1,1.01
573,Turukhansk,RU,2021-10-11 11:43:06,65.8167,87.9833,28.63,71,100,12.71
574,High Level,CA,2021-10-11 11:40:01,58.5169,-117.136,26.71,100,1,0.0
